,,,,,,,,,,,AFFLUENZA,,,,,,
,NOME ,INDIRIZZO ,FASCIA DI PREZZO ,TIPO DI CUCINA ,ZONA,ORARIO DI APERTURA ,ACCESSIBILITA (sedia a rotelle),TARGET IDEALE,STILE VISITA,GPS,pranzo,pomeriggio,Cena,Dopo cena,METEO IDEALE / TIPOLOGIA (aperto - chiuso - misto),DESCRIZIONE,FOTO
RISTORANTI,Casa Perbellini – 12 Apostoli,"Vicolo Corticella San Marco 3, 37121 Verona",€€€€,"Creativa / Contemporanea, con menù degustazione stagionali","Centro storico, vicino a Piazza delle Erbe, l’Arena, e la Basilica di San Zeno","Martedì a Sabato (pranzo): 12:30–14:00

Martedì a Venerdì (cena): 19:30–21:00

Chiuso sabato sera, domenica, lunedì","Accessibile a sedia a rotelle, aria condizionata, Wi-Fi gratuito 
Tuttavia, non sono ammessi passeggini né seggioloni, ed è consigliato un dress code “elegante o smart casual”; non sono ammessi animali né bambini sotto i 12 anni","Coppie adulte, appassionati di alta cucina, amanti delle degustazioni sofisticate e delle esperienze gourmet in ambienti storici. Non adatto a famiglie con bambini piccoli o per chi cerca opzioni più informali.",Gastronomico,,Media,Bassa,Alta / Critica weekend,Bassa,Chiuso,"Ristorante nel cuore di Verona, sede dell’iconica insegna “12 Apostoli”, reinventato da Perbellini
Location storica valorizzata da Patricia Urquiola, con tre sale eleganti e accoglienti
Tre menù degustazione stagionali: “Io e Silvia”, “Storie di Casa”, “L’Essenza” (vegetariano/gluten-free)
Chef’s Table e rovine romane sotterranee per un'esperienza unica
Cantina	Ampia selezione di vini e rarità, conservati in una cantina storica",
,Ristorante Il Desco,"Via Dietro San Sebastiano 5/7, 37121 Verona",€€€€,"cucina contemporanea italiana 
Italian Contemporary, con menu degustazione e piatti iconici","Centro storico, in un elegante palazzo rinascimentale","Martedì a Sabato: pranzo 12:30–13:45; cena 19:30–21:45

Lunedì e Domenica: chiuso",,"Coppie o appassionati di alta cucina, perfetto per occasioni speciali in ambiente raffinato.",Gastronomico,,Media,Bassa,Alta / Critica weekend,Bassa,Chiuso,"Aperto nel 1982, noto come “salotto buono” di Verona. Stella Michelin consolidata.
Palazzo storico elegante, sale signorili, ideale per cene importanti.
Fusione tra tradizione e innovazione; signature dish mousse di burro e mascarpone; menu Capitolo 4.
Innovativo e rispettoso: Matteo Rizzo porta avanti l’eredità del padre Elia con equilibrio e originalità.
Chiuso domenica e lunedì; aria condizionata, wine list notevole, possibilità di consumare sulla terrazza.",
,Locanda 4 Cuochi ,"Via Alberto Mario 12, 37121 Verona",€€,"Italiana tradizionale contemporanea, con piatti semplici e creativi","Centro, vicino all’Arena","Lunedì: chiuso

Martedì: cena 19:30–22:00

Mer–Dom: pranzo 12:30–14:30 | 19:30–22:30","Accessibile in sedia a rotelle, seggioloni disponibili, accetta carte","Turisti e famiglie, ambiente rilassato e creativo, vicino ai principali punti di interesse.",Gastronomico,,Media,Bassa,Alta,Bassa,Misto,"Nato nel 2012 da quattro chef soci, il nome “Locanda” evoca tradizione. È un locale moderno, informale ed accogliente, con un tocco giocoso: ogni tavolo invita a lasciare un disegno o pensiero personale.
Il menu cambia stagionalmente, con sei proposte diverse all’anno. Piatti tradizionali rivisitati con creatività, come la mozzarella in carrozza “non fritta”, risotto con mousse di piselli, pollo speciale e maialino da latte.
Locale vivace e piacevole, a due passi dall'Arena. Gestito da ex allievi di Perbellini, offre posti a tavolo e uno scorcio diretto in cucina, con un approccio contemporaneo alla cucina italiana.
Ambiente casual-chic, carta giochi su tovagliato di carta, matite colorate, dessert iconico come il millefoglie e opzioni attente anche a esigenze speciali come quelle gluten-free.",
,Al Capitan della Cittadella ,"Piazza Cittadella 7/A, 37122 Verona",€€€,"Piatti di pesce di alta qualità, con twist contemporaneo; ottima carta dei vini e champagne","Zona Cittadella, leggermente fuori dalle mura ma vicino al centro","Lunedi: 19:30–22:00

Mart–Sab: pranzo 12:30–14:00; cena 19:30–22:00

Domenica: chiuso",Accessibile in sedia a rotelle e servizi per disabili; accetta carte,"Amanti del pesce raffinato, coppie o amanti del buon vino, in ambiente moderno ma elegante.",Gastronomico,,Media,Bassa,Alta,Bassa,Misto,"Ambiente contemporaneo con forti suggestioni marinaresche: pareti nei toni dell’azzurro e blu, arredi in stile nautico, atmosfera elegante e rilassante.
Aperto nel 2005 per volontà di Giancarlo Perbellini e Andrea Manzoli, è diventato un punto di riferimento per la cucina di pesce a Verona.
Menù di mare incentrato su stagionalità e freschezza: pesce del Tirreno e Adriatico, ostriche francesi e verdure selezionate. Presentazioni moderne e piatti iconici come cacciucco e cappon magro rivisitati.
Lo chef e patron Andrea Manzoli conduce una squadra giovane e dinamica, supportato da servizio attento e preciso.
Tra le proposte preferite figurano “Il mio scoglio e spaghetti”, una versione raffinata dello spaghetto allo scoglio; eccellenti crudi come il “bouquet di crudi”; e interpretazioni creative di fritti di mare.
Ampia selezione con particolare rilievo ai champagnes francesi, in linea con l’offerta raffinata del locale.",
,Ristorante Iris a Palazzo Soave,"Via Abramo Massalongo 5, 37121 Verona",€€€,cucina moderna con menu degustazione,"Centro storico, vicino a Piazza dei Signori","12:30 - 14:00 | 19.30 - 21:45
Domenica e lunedì chiuso",,"Clienti adulti e gourmet, adatto a cene di lavoro o serate eleganti.",Gastronomico,"45.4426, 10.9957",Media,Bassa,Alta / Critica weekend,Bassa,Misto,"In un quattrocentesco palazzo ricco di storia, Iris unisce antichi affreschi e scavi archeologici con arredi moderni di eccellente design.
Lo chef Giacomo Sacchetto propone degustazioni tematiche—dal territorio all’Adriatico—con piatti inventivi e sostenibili, in equilibrio tra identità e creatività.
Sala intima da 35 coperti, cucina a vista, cantina medievale e accessibilità per disabilità, tutto curato nei minimi dettagli.",
,Locanda di Castelvecchio,"Corso Castelvecchio 21, 37121 Verona",€€€,"Cucina tradizionale veronese, bolliti e pearà, ambiente storico",Castelvecchio / Centro,"Chiuso 
Martedì tutto il giorno
Mercoledì a pranzo
mercoledì 19:45–22
giovedì 12:45–14:30 | 19:45–22
venerdì 12:45–14:30 | 19:30–22
sabato 12:45–14:30 | 19:45–22
domenica 12:45–14:30 | 20–22
lunedì 12:45–14:30 | 19:45–22
","Locale ampio, parzialmente accessibile","Clientela veronese storica, gruppi e famiglie amanti della tradizione.",Gastronomico,"45.4383, 10.9872",Media,Bassa,Alta,Bassa,Chiuso,"Situata in un edificio ricco di storia: dall’antica farmacia del XVIII secolo alla gastronomia del 1831, fino al raffinato ristorante di oggi. L’arredo è raffinato e retrò, con salette diverse tra loro, arredi in stile Regency e elementi déco.
Specialità come il “carrello dei bolliti” con salsa pearà, arrosti, fettuccine con salse tradizionali, risotto all’Amarone e dolci casalinghi in stile tradizionale. La cucina è sontuosa e generosa, un vero tributo alla tradizione.
L’ambientazione romantica, elegante e accogliente reinterpreta il passato con gusto: tavoli raffinati, arredi d’epoca e una suggestiva cantina medievale convertita in spazio conviviale. Il servizio è attento e curato.",
,Antica Bottega del Vino,"Via Scudo di Francia 3, 37121 Verona",€€–€€€,"Piatti tipici veneti, famosissima per la cantina di vini (oltre 18.000 etichette)",Centro storico,"BOTTEGA
Aperta tutti i giorni
dalle 11.00 alle 24.00

RISTORANTE
Aperto tutti i giorni
dalle 12:00 alle 14:40 e dalle 19:00 alle 22:40.
(nelle sole serata di Opera dalle 18:30)","Accessibile, ambiente ampio","Amanti del vino, enoturisti, appassionati di storia della città.",Gastronomico,"45.4415, 10.9976",Media,Media,Alta,Media,Chiuso,"Fondata nel XVI secolo come “Osteria lo Scudo di Francia”, trasformata nei secoli fino ad acquisire l’attuale nome nel 1890. È oggi un simbolo di Verona e della sua cultura enologica.
Interni eleganti fin dall’inizio Novecento: boiserie, lampadari in fiaschi, tavoli ottagonali e arredamento in stile medioevale/tirolese. L’ingresso è caratterizzato da robuste imposte in legno e lanterne in ferro battuto.
Custodisce tra le più grandi e prestigiose cantine del mondo: migliaia di bottiglie da cinque continenti. Da Amarone eccellenze a cognac rari. Premiata più volte con il “Wine Spectator Grand Award”.
Proposte ispirate alla tradizione veronese: risotto all’Amarone, bigoli all’anatra, taglieri, serviti in eleganti salette o alcove nella cantina per esperienze intime e memorabili.
Un luogo conviviale, un “tempio del vino” per appassionati e curiosi, amato da critici, artisti e viaggiatori. Sotto la guida di Luca Nicolis, è diventato riferimento imprescindibile nell’enogastronomia mondiale.",
,L'Evangelista Ristorante & Enoteca,"Via Dietro Listone 19/D, Verona",€€€,"Creativa e mediterranea, ottima selezione di vini",Zona Porta Nuova / Castelvecchio,"Da Lunedì a Venerdì
12:15 – 14:00
19:00 (18:00*) – 22:15

Sabato
12:15 – 14:30
19:00 (18:00*) – 22:15

Domenica
12:15 – 14:30
19:00 (18:00*) – 21:45

* Per le sere con spettacoli in Arena
","Accessibile, locale moderno",Coppie e clienti internazionali alla ricerca di un’esperienza raffinata.,Gastronomico,"45.4381, 10.9881",Media,Bassa,Alta,Media,Misto,"Locale elegante e recentemente rinnovato, con cucina a vista e una piacevole zona esterna (“plateatico”) affacciata su un tranquillo vicolo vicino a Piazza Bra.
Proposte raffinate basate sulla tradizione italiana e veneta, con presentazioni moderne e sapori sorprendenti. Offre varianti vegane, vegetariane e senza glutine.
Ampia e ricercata selezione di vini locali, regionali, nazionali e internazionali, con un sommelier a disposizione per consigli esperti",
,Ristorante Mare Nostro,"Giambattista Moschini 26
37129 Verona, Veneto",€€€,Pesce e cucina mediterranea,Veronetta,"Lunedì chiuso

Da Martedì a Sabato
12.30 – 14.30
19.30 – 22.30

Domenica
12.30 – 14.30","Locale moderno, accessibile","Amanti del pesce fresco, coppie e famiglie.",Gastronomico,"45.4420, 11.0052",Media,Bassa,Alta,Bassa,Misto,"Ispirata alla tradizione napoletana, con tocchi contemporanei, incentrata sul pesce freschissimo selezionato quotidianamente.
Guidata da Antonio Martino e Tammaro Piedimonte, con una sala accogliente e professionale (Tresy e Marco).
Ospitato in una struttura storica restaurata con eleganza, con sale calde e un’area riservata per eventi.
Scialatelli ai ricci di mare, crudi e fritture di alta qualità.
Un locale raffinato e rassicurante, in cui la qualità del mare si fonde con un servizio caloroso e premuroso.
",
,Al Calmiere,"Piazza San Zeno 10, 37123 Verona",€€–€€€,Specialità veronesi,"Quartiere San Zeno, vicino alla basilica","
Lunedì: CHIUSO
Martedì: 12:30 – 14:30 / 19:30 – 22:00
Mercoledì: 12:30 – 14:30 / 19:30 – 22:00
Giovedi: 12:30 – 14:30 / 19:30 – 22:00
Venenerdì: 12:30 – 14:30 / 19:30 – 22:00
Sabato: 12:30 – 14:30 / 19:30 – 22:00
Domenica: 12:30 – 14:30",Accessibile,"Famiglie, coppie, turisti che vogliono scoprire il quartiere di San Zeno.",Gastronomico,"45.4385, 10.9840",Alta,Bassa,Alta / Critica weekend,Bassa,Misto,"Nato nel 1919 come osteria di mescita, il nome deriva da “calmierare”, riflettendo il suo legame con il vino e la convivialità popolare. Si narra che durante la festa vendessero fino a 50 damigiane in un giorno. 
Nel 1987 Pietro e Morena Battistoni hanno trasformato l’osteria in un ristorante veronese autentico, valorizzando la tradizione con iniziative come il camino nella sala principale. 
Edificio storico vicino alla Basilica di San Zeno, con ampia capienza e camino suggestivo; ottimo anche per eventi. 
pasta fresca fatta in casa, carni alla brace e il celebre “carrello dei bolliti” (sei tipi di carni bollite più arrosto). 
Cucina stagionale, con bolliti in inverno e grigliate d’estate; selezione attenta di vini veronesi, inclusi quelli meno noti; menu attento alle intolleranze come il glutine. 
Un tempio della cucina veronese, con valore storico, qualità costante, atmosfera accogliente e professionalità.",
"TRATTORIE/
OSTERIE",Al Bersagliere,"Via Dietro Pallone 1, 37121 Verona",€€–€€€,"Tradizionale veronese (risotto all’Amarone, bollito con pearà) e cucina stagionale; cantina con oltre 2000 etichette","Zona Filippini, centro storico","Da Martedì a Sabato 
Locale 9:30 - 15:00 | 19:15 - 22:00
Ristorazione 12:00 - 13:45 | 19:15 .- 22:00 
Domenica chiuso","Locale dallo stile vintage, accessibilità ridotta","Amanti della cucina veronese e del vino, gruppi e coppie.",Gastronomico,"45.4388, 10.9959",Alta,Bassa,Alta,Bassa,Chiuso,"Trattoria storica in Borgo Filippini, fondata nel 1927 come locanda, rinnovata nel 1990 da Leo Ramponi. Ambienti storici, arredi vintage e cimeli, cantina del XIII secolo. 
Ambienti accoglienti e “di casa”: juke-box, macchina del caffè anni ’60, fossili, cimeli sportivi (polvere e passione), salette tematiche (Pianoforte, Cantanti, Sportiva). 
Eccellenza della cucina veronese autentica: bigoli con anatra, pastissada de caval, baccalà mantecato, risotto all’Amarone, diplomatico (dessert). Cucina generosa e rassicurante, autenticamente territoriale. 
Cantina storica visitabile nel XIII secolo; ampia selezione di Amarone, vini locali e distillati. 
Calore familiare di Leo, Marina e Alessandro; servizio attento e autentico; ambiente elegante ma genuino, che fa sentire a casa.
",
,Osteria Mondo d'Oro,"Via Mondo d’Oro 5, 37122 Verona",€€,"Tradizionale italiana, piatti veneti e pasta fresca, atmosfera familiare",A pochi passi da Castelvecchio,"lunedì 12.30 – 14.30 | 19.30 – 22.30
martedì chiuso 
mercoledì 19.30 – 22.30
giovedì 12.30 – 14.30 | 19.30 – 22.30
venerdì 12.30 – 14.30 | 19.30 – 22.30
sabato 12.30 – 14.30 | 19.30 – 22.30
domenica 12.30 – 14.30 |19.30 – 22.30
","Locale di piccole dimensioni, accessibilità parziale",Clientela locale e turisti che cercano una trattoria semplice e autentica.,Gastronomico,"45.4379, 10.9895",Media,Bassa,Alta,Bassa,Chiuso,"L ’Osteria Mondo d’Oro, ideata da Giancarlo Perbellini, riprende il nome di una storica insegna veronese (“Mondodoro”) e propone una “nuova tradizione” della cucina italiana, con sapori autentici e piatti regionali da riscoprire.
Osteria Mondo d'Oro
Ambiente informale, rilassato e conviviale, con un design distintivo e personalizzato, che valorizza l’esperienza sensoriale oltre al semplice pasto.
Cucina italiana di stagione, ben curata, con opzioni vegetariane. Ottimo rapporto qualità-prezzo, riconosciuto con il prestigioso Bib Gourmand.
Situata a pochi passi da Casa Perbellini, l’ambiente è accogliente con possibilità di spazio esterno nelle vie laterali, ideale per cene rilassate",
,Trattoria I Masenini ,"Via Roma, 34, 37121 Verona (VR)",€€,"Tradizionale italiana e veneta, con piatti regionali e specialità come spiedini di carne, in ambiente rilassato e informale; dispone di spazio esterno per l’estate","Centro storico, di fronte al Castelvecchio","
Aperti tutti i giorni
Pranzo: 12:30 – 14:00
Cena: 19:30 – 22:00

Chiusi
Lunedì a pranzo
e Domenica tutto il giorno.","Accessibile in sedia a rotelle, aria condizionata, possibilità di spazio esterno, accettano carte di credito","Coppie e gruppi adulti che cercano cucina tradizionale, atmosfera autentica e una zona centrale comoda — ottimo anche per cene tranquille in contesto storico.",Gastronomico,,Media,Bassa,Alta,Bassa,Misto,"L’identità del locale si radica in una tradizione profonda—l’osteria originaria del 1836 era frequentata da protagonisti della difesa dell’italianità. 
La cucina sposa ricordi regionali e classici della tradizione italiana, reinterpretati in chiave moderna. 
L’ambiente rilassato, con travi in legno, luci soffuse e arredo informale, si trova di fronte al Castelvecchio; lo specialità della casa sono gli spiedini di carne, e in estate è disponibile una zona all’aperto. 
L’interior è vintage, con travi, boiserie e lampadari, mentre il menu include piatti classici come bucatini cacio e pepe, guancia brasata con purè e zuppa inglese individuale, oltre alla carne arrostita allo spiedo.",
,Osteria la Fontanina ,"Via Fontanina 4, 37121 Verona",€€€,"Cucina veronese e mediterranea in chiave raffinata, con ampia selezione di vini","Centro storico, vicino al Ponte Pietra",Lun–Sab 19:30–23:00; Domenica chiuso,"Locale storico, interni con volte e arredi antichi, accessibilità limitata (scale all’ingresso)","Coppie, gourmet, turisti internazionali alla ricerca di un’esperienza suggestiva e romantica.",Gastronomico,"45.4452, 10.9989",Media,Bassa,Alta / Critica weekend,Bassa,Misto,"L'Osteria La Fontanina Ristorante è un locale suggestivo ed elegante, ubicato in una delle zone più antiche di Verona, nei pressi del Teatro Romano e vicino a Ponte Pietra. L'osteria è una delle più antiche della città e vanta oltre 200 anni di storia. Il ristorante, dotato di tavoli all'aperto e di ambiente con aria condizionata, propone una cucina creativa a base di carne e pesce, curata nei minimi dettagli, ed una ricca carta di vini. Il locale è l'ideale anche per pranzi e cene d'affari con convenzioni aziendali e menù degustazione da 40 a 60 Euro (bevande incluse, con acqua e vino della casa). Presso l'Osteria La Fontanina Ristorante si parlano Inglese e Francese ed il locale è aperto a pranzo su prenotazione dal martedì al sabato, a cena dal lunedì al sabato.

",
,Trattoria al Pompiere ,"Vicolo Regina d’Ungheria 5, 37121 Verona",€€€,"Tradizionale veronese, rinomata per la selezione di salumi e formaggi",Dietro Piazza delle Erbe,"lunedì 12:30–14 | 19:30–22:30
martedì 12:30–14 | 19:30–22:30
mercoledì 12:30–14 | 19:30–22:30
giovedì 12:30–14 |19:30–22:30
venerdì 12:30–14 | 19:30–22:30
sabato 12:30–14 | 19:30–22:30
domenica	Chiuso

","Accesso limitato (locale storico, spazi stretti)",Appassionati di cucina tipica e prodotti locali.,Gastronomico,"45.4418, 10.9989",Media,Bassa,Alta / Critica weekend,Bassa,Misto,"Nato come osteria da un pompiere, ha mantenuto la sua anima autentica e rustica – oggi guidato dallo chef Marco Dandrea, con forte legame al territorio.
Ambienti caldi in legno, tavoli ravvicinati con tovaglie quadrettate e foto in bianco e nero evocano un’atmosfera nostalgica e accogliente.
 Piatto forte la cucina veronese e veneta di stagione, con piatti semplici ma ricercati. Vasta selezione di salumi (35 tipi) e formaggi (circa 100 varietà).
Ampia selezione di vini veronesi (Amarone, Valpolicella), italiani e internazionali, con cantina ben fornita (oltre 400 etichette).
Tiramisù celebrato come uno dei migliori al mondo, atmosfera “anni '60”, design vintage e accoglienza romantica.",
,Osteria Due Mori,"Via Giuseppe Garibaldi 16, 37121 Verona",€€,Cucina tipica con piatti casalinghi e vini locali,: Centro storico (vicino Castelvecchio),Tutti i giorni pranzo e cena,Accessibile,Turisti e locali in cerca di piatti semplici e gustosi.,Gastronomico,"45.4410, 10.9945",Media,Bassa,Alta,Bassa,Misto,"Un ambiente piccolo, intimo, caldo e accogliente, con servizio attento, cortese e premuroso. 
Specialità venete ben curate e abbondanti, con piatti casalinghi e ben presentati come pappardelle al ragù di anatra e funghi, bollito tagliato sottilmente, lasagne, tiramisù, gnocchi e abbinamenti creativi. 
Carta vini compatta ma curata, con buone scelte di vini al bicchiere e bottiglie con un buon rapporto qualità-prezzo. 
Offre opzioni per intolleranti al glutine, con menù e preparazioni gluten-free eccellenti e staff preparato. 
",
,La Piazzetta Osteria & Enoteca,"Via Cisterna 1, 37121 Verona",€€,"Mediterranea, piatti di carne e pesce, vini naturali",Centro storico,"Mar–Sab pranzo e cena, domenica chiuso",Accessibile,"Giovani coppie, amanti dei vini.",Gastronomico,"45.4425, 10.9992",Media,Media,Alta,Media,Misto,"Osteria ed enoteca nel centro storico di Verona, caratterizzata da un ambiente caldo ed elegante, con piccole salette accoglienti e atmosfera intima.
Propone piatti della tradizione veronese e classici italiani, rivisitati con attenzione alla qualità e alla stagionalità delle materie prime.
Specialità: risotto all’Amarone, baccalà mantecato con polenta croccante, pappardelle al ragù d’anatra, tonno scottato, pasta fresca con tartufo.
Cucina semplice ma curata, con attenzione particolare a chi ha esigenze alimentari specifiche: ottime opzioni gluten free e piatti vegetariani/vegani disponibili.
Ampia selezione di vini, con attenzione alle etichette locali.
Locale elegante ma informale, ideale per coppie, piccoli gruppi e buongustai che cercano un’esperienza autentica e rilassata nel cuore di Verona.",
,Osteria del Bugiardo,"Corso Porta Borsari 17, 37121 Verona",€€ - €€€,"Piatti veronesi, cicchetti, vini di Cantina Buglioni",Centro storico,Tutti i giorni 11:00–23:00,Accessibile,"Amanti del vino, turisti, gruppi di amici.",Gastronomico,"45.4412, 10.9969",Media,Alta,Alta / Critica weekend,Alta,Misto,"Aperta nel 2005 da Cantina Buglioni, è un’osteria/enoteca conviviale nel centro storico di Verona. Prende il nome dal celebre Valpolicella Ripasso “Il Bugiardo”.
Piatti semplici e gustosi della tradizione italiana e veneta: taglieri di salumi e formaggi, cicchetti, primi casalinghi, secondi di carne e dolci tipici.
Ampia selezione di vini della Cantina Buglioni e di etichette locali, serviti anche al bicchiere, perfetti per aperitivi o abbinamenti ai piatti.
Rustica e accogliente, con tavoloni in legno e un ambiente vivace. Ideale per un aperitivo, una cena informale o una serata tra amici.",
,Greppia,"Vicolo Samaritana 3, 37121 Verona",€€,"Cucina tradizionale veronese (bollito con pearà, pasta fresca)","Centro, vicino Piazza delle Erbe","Lunedì chiuso 
Martedì - Domenica 
dalle 12:00 alle 15:00 
dalle 19:00 alle 22:30 ","Locale storico, parzialmente accessibile",Clienti tradizionali e turisti alla ricerca della cucina autentica.,Gastronomico,"45.4419, 10.9991",Media,Bassa,Alta,Bassa,Chiuso,"Greppia è un ristorante storico/veronese aperto dal 1975 in centro a Verona. Serve cucina veronese tradizionale e classica italiana, valorizzando piatti popolari e sapori locali. Piatti tipici della cucina popolare veronese e nazionale: pasta, carni, antipasti locali (come sopressa, salame veronese), piatti abbondanti e porzioni generose. Ottima selezione di vini veronesi, regionali e nazionali. La carta vini include più di 300 etichette; attenzione anche a vini naturali e biodinamici. Ambiente caldo, accogliente, con saletta interna grande e spazio esterno (dehor). Ottimo per pranzi o cene rilassati; atmosfera tradizionale ma curata",
,Osteria Il Bertoldo,"Vicolo Cadrega 2/A, 37121 Verona",€€,"Mediterranea, carne e pesce, conduzione familiare; offre opzioni gluten free",Centro storico,"Lun–Dom: apertura continuata 12:00–22:00 

Alternativa (fonte aggiuntiva): Lun–Dom 12:00–14:30 e 18:30–22:30", ,"Coppie o piccoli gruppi che cercano un pasto autentico, accogliente e senza formalità.",Gastronomico,,Media,Bassa,Alta,Bassa,,"Aperta dal 1988, è una piccola osteria nel cuore storico di Verona, conosciuta per la qualità dei piatti e l’atmosfera accogliente.
Specialità di carne e pesce fresco, pasta fatta in casa, attenzione alla tradizione italiana con proposte curate. Disponibili numerose opzioni senza glutine.
Locale raccolto, arredato con gusto, ambiente intimo e familiare. Servizio gentile e attento.",
,Osteria Scudo di Francia,"Vicolo Scudo di Francia 5, 37121 Verona",€€–€€€,"Mediterranea e specialità di mare, con opzioni vegetariane","Centro storico, vicino alla Sinagoga","Aperto tutti i giorni, dalle 10:00 alle 00:00","Accessibile in sedia a rotelle; accetta carte, posti esterni, prenotazioni","Clientela giovane e internazionale, amanti di piatti di mare attenti a un buon rapporto qualità/prezzo.",Gastronomico,,Media,Media,Alta,Media,Misto,"Cucina mediterranea con specialità di mare; opzioni vegetariane anche disponibili.
Atmosfera accogliente, rustica-elegante; locato in un vicolo tranquillo vicino Via Mazzini; servizio cortese. Piatti con ingredienti di qualità, menu aggiornato, piatti di mare come ceviche, tonno, gnocchi, pesce crudo; dessert ben curati. ",
,Caffè Monte Baldo,"Via Rosa 12, 37121 Verona",€€,"Cicchetti, risotto all’Amarone, vini locali",Centro storico,"Lun–Sab 11:00–23:00, domenica chiuso",Accessibile,Turisti e amanti delle specialità veronesi.,Gastronomico,"45.4421, 10.9982",Media,Alta,Alta,Media,Misto,"Storica osteria / bottiglia (“bottega storica”) di Verona dal 1909. Nata come latteria, trasformata poi in osteria, bar/caffetteria, oggi tornata a riscoprire la tipicità veronese. 
Cucina tipica veronese e veneta con materie prime di alta qualità, pasta fatta in casa, piatti stagionali, risotto all’Amarone della Valpolicella, piatti di pesce, tartine/cicchetti, salumi, formaggi. Opzioni anche per vegetariani, vegani e persone con intolleranze alimentari (gluten free) 
Locale caldo, accogliente, con elementi storici ben conservati: pavimentazione in marmette cementizie d’epoca, boiserie con specchiatura, arredi storici. Parte come caffè/bar/tapas + parte ristorante. Frequentato da locali, turisti. 
Ampia selezione con oltre 300 etichette, molte locali. Il locale è riconosciuto anche per la sua carta vini premiata.",
,Focacceria La Figaccia," Via Daniele Manin, 4/A, 37122 Verona VR",€,"Street food ligure (focacce, farinata)","Centro, vicino a Piazza Erbe","Domenica 11.30-15.30 | 18.30-21.30
Lunedì 11.30-15.30 | 18.30-21.30
Martedì 11.30-15.30 | 18.30-21.30
Mercoledì 11.30-15.30 | 18.30-21.30
Giovedì 10.00-15.30 | 18.30-21.30
Venerdì 10.00-15.30 | 18.30-21.30
Sabato 11.30-15.30 |18.30-21.30",Accessibile,"Giovani, turisti veloci, chi cerca pranzo rapido e buono.",Gastronomico,"45.4407, 10.9986",Media,Media,Bassa,Bassa,Street food,"Un locale caratteristico e rustico nel cuore della nostra stupenda città, realizzato usando materiali di recupero. Idea di tre giovani ragazzi con l'obiettivo di valorizzare i prodotti tipici di verona e della Lessinia. Qui potrai trovare cibo di prima scelta direttamente dai piccoli produttori delle nostre montagne.",
,Hosteria la vecchia fontanina ,"Piazzetta Chiavica 5, 37121 Verona VR",€€,"Cucina veronese, piatti tradizionali come bigoli, gnocchi, carni alla griglia etc.","Centro storico (“Città Antica”), vicino a Piazza delle Erbe / Piazzetta Chiavica","Lun-Sab 10:30-15:30 pranzo, 18:30-23:00 cena",,"Clientela locale e visitatori che cercano cucina tradizionale veronese autentica, atmosfera calorosa e porzioni generose; adatto a cena informale o pranzo rilassato.",Gastronomico,,Media,Media,Alta,Bassa,Misto,,
,Osteria La fregola ,"Via Ponte Nuovo, 7, 37121 Verona VR",€€ - €€€,"Cucina tradizionale veronese (primer piatti fatti in casa, carne, piatti della “cucina della mamma”), dolci casalinghi.","Centro storico, a pochi passi da Piazza delle Erbe / centro antico di Verona","Lun – Sab: Pranzo 12:00-14:30, Cena 19:00-22:30; Giovedì chiuso",Accessibile,"Famiglie, turisti che vogliono cibo genuino/veronese in ambiente accogliente, persone con intolleranze (ha opzioni senza glutine)",Gastronomico,,Media,Bassa,Alta,Bassa,Misto,,
,Osteria il punto rosa ,"Via Fratta, 12/A, 37121 Verona V",€€ - €€€,"Cucina tipica italiana / veronese, con qualche specialità di mare; piatti genuini, prodotti freschi","Centro storico, molto vicino all’Arena / zona Città Antica di Verona",Lunedì-Sabato 11:00-23:00; domenica chius,,Clientela locale + turisti alla ricerca di piatti tipici non troppo formali; persone che apprezzano cucina veronese ma con qualche proposta più ampia,Gastronomico,,Media,Bassa,Alta,Bassa,Misto,,
,La vecia mescola ,"Vicolo Ghiaia, 2 (o 3) — 37122 Verona VR",€€,"Enoteca / wine bar + cucina italiana casalinga semplice; piatti del giorno, tapas/tocchi di cucina italiana con buona selezione vini.","Vicolo Ghiaia, vicinissimo all’Arena / centro; posizione piuttosto comoda per chi visita Verona centro storico",Tutti i giorni dalle ~8:00 fino alle 23:00; venerdì/sabato fino alle ~23:30,Accessibile,"Ottimo per chi ama vino, piccole porzioni, ambiente rilassato; turisti + locali che vogliono aperitivo o cena non troppo impegnativa.",Gastronomico,,Media,Bassa,Alta,Bassa,Misto,"“Enoteca con ampia scelta di vini (oltre 900 etichette), ambiente curato, porzioni corrette, ottimo per chi ama bere bene e mangiare con leggerezza. È un punto di riferimento per chi cerca qualcosa tra bar e ristorante.",
,Torcolo,"Via Carlo Cattaneo, 11, 37121 Verona VR",€€ - €€€,"Cucina italiana/regionale con specialità più ricercate: piatti di mare, tartare, primi gourmet, carne di qualità, anche piatti di grande cura estetica","Centro storico / entro mura, Verona (zona centrale)",Pranzo: circa 12:00-14:30; Cena: 19:00-22:30; Anche tardi fino circa mezzanotte nei fine settimana ‒ da PagineGialle indicato 11:00-15:00 / 19:00-24:00,,"Clientela che cerca un’esperienza gastronomica raffinata, non “solo tradizionale”, apprezzamento estetico del piatto; adatto a occasioni speciali, coppie, gruppi che vogliono qualcosa di più del solito.",Gastronomico,,Alta,Bassa,Alta,Bassa,Misto,,
,Torcolino,"Corso Castelvecchio, 5, 37121 Verona V",€€ - €€€,"Cucina italiana / regionale con specialità veronesi come risotto all’Amarone, bollito, piatti di carne; opzioni vegetariane; atmosfera un po’ più raffinata rispetto a una trattoria semplice","Vicino al Castelvecchio, zona centrale / Cittadella, abbastanza comoda per chi visita il centro storico",Pranzo: 11:00-15:00; Cena: 18:00-24:00; chiuso il lunedì; tutti i giorni anche a pranzo e sera nei fine settimana,Accessibile,"Coppie, visitatori che vogliono un pasto curato vicino alle attrazioni, locali che desiderano buon cibo in un ambiente più raffinato; chi apprezza cucina tradizionale con una qualità superiore",Gastronomico,,Media,Bassa,Alta,Bassa,Misto,,
,Hosteria 17,,,,,,,,Gastronomico,,Media,Bassa,Alta,Bassa,Misto,,
,Le veciete ,"Via Pellicciai, 32/A, 37121 Verona VR",€€,"Cucina veronese tipica, gastronomia regionale, vini; sia piatti leggeri/tartine sia scelte più strutturate per pranzo/cena.","Zona
Centro storico, Verona — molto vicino a Piazza delle Erbe / nel cuore del centro.",Aperto tutti i giorni 11:00-15:00 / 19:00-24:00 circa.,,"Locali e turisti che cercano un’esperienza autentica: buon vino, atmosfera veronese tradizionale, non troppo formale. Ottimo per aperitivo, pranzo rilassato o cena tranquilla.",Gastronomico,,Media,Bassa,Alta,Bassa,Misto,,
,La Molinara ,"Piazzetta Ottolini, 4, 37121 Verona VR",€€,"Cucina veronese / italiana casalinga; piatti tradizionali come pappardelle coniglio, stracotto, pasta fatta in casa; stagionale.","Centro storico, nella ""Carega"" (quartiere antico), Verona.",Lunedì-Sabato pranzo: 12:30-14:30; Cena: 19:30-22:30; Domenica chiuso.,,Clientela locale + turisti che cercano cucina genuina e tradizionale; persone che apprezzano trattorie con atmosfera semplice e cucina di sostanza.,Gastronomico,,Media,Bassa,Alta,Bassa,Chiuso,,
,L’antica torretta,"Piazza Broilo, 1, 37121 Verona VR",€€€ - €€€€,"Cucina creativa / ricerca con elementi di tradizione; piatti raffinati, presentazioni curate; influenze moderne.","Centro storico, vicino a Ponte Pietra / zona suggestiva di Verona antica.",Apertura tutti i giorni; orario continuo dalle 12:00 alle 15:00 e cena dalle 19:00 alle 23:00.,Accessibile,"Clientela che cerca un’esperienza gastronomica raffinata, occasioni speciali, romantiche, anche affari; anche turisti con gusti elevati.",Gastronomico,,Media,Bassa,Alta / Critica weekend,Bassa,Misto,,
,Osteria Ai Osei,"Via Venti Settembre, 124/B, 37129 Verona VR",€,"Cucina tradizionale veronese / italiana, piatti casalinghi, prodotti a km 0, stagionali.","Porta Vescovo / Via XX Settembre, un po’ fuori dal centro storico immediato, ma ben collegato.",Lun-Sab: 11:00-15:00 / 19:00-24:00; chiuso il martedì (o orari ridotti),,"Persone che cercano un’osteria autentica, locale e accogliente; chi apprezza cucina tradizionale veronese; anche turisti che vogliono evitare posti troppo turistici.",Gastronomico,,Media,Bassa,Alta,Bassa,Chiuso,,
,Trattoria Pane e Vino ,"Via Giuseppe Garibaldi, 16/A, 37121 Verona VR",€€,"Cucina veneta / italiana tradizionale, ricette tipiche della nonna con rivisitazioni; risotto all’Amarone DE.CO., carte di vini, piatti di pasta, carne, formaggi.",,"Pranzo: ~ 12:40-14:00; Cena: ~ 19:30-22:00; Chiuso martedì tutto il giorno, mercoledì a pranzo",,"Turisti che cercano cucina locale autentica, locali che apprezzano la tradizione; famiglie, coppie; chi vuole mangiare bene senza lusso ma con attenzione al dettaglio",Gastronomico,,Media,Bassa,Alta,Bassa,Misto,,
,Trattoria da Ropeton,,,,,,,,Gastronomico,,Media,Bassa,Alta,Bassa,Chiuso,,
,Osteria a la ncarega,,,,,,,,Gastronomico,,Media,Media,Alta,Media,Misto,,
,Osteria Ripasso,"Via Umbria, 1/B, 37138 Verona (angolo Corso Milano)",€€€ - €€€€,"Cucina italiana con influenze aggiornate; menu con piatti di qualità, anche “vini e cucina”; opzioni vegetariane; stile curato, non banale.",Borgo Milano / periferia rispetto al centro storico; non nello “snodo turistico principale”,"Pranzo 12:30-14:30, sera 17:00-00:00; Domenica chiuso a cena (o orario ridotto)",,"Clientela che cerca un buon livello gastronomico senza essere stellato; per cene speciali, coppie, piccoli gruppi che vogliono cucina curata. Turisti un po’ più esploratori che si spostano fuori dal centro.",Gastronomico,,Media,Bassa,Alta,Bassa,Chiuso,,
,Osteria il Ciottolo,"Corso Cavour, 39C, 37121 Verona VR",€€,"Cucina tradizionale veronese: primi fatti in casa, piatti di carne, specialità locali, vino locale; un po’ elevata rispetto a trattoria semplice per la cura nell’offerta.","Corso Cavour, fronte Castelvecchio, centro storico di Verona.",Pranzo: circa 12:00-14:30; Cena: 19:00-22:00; chiuso mercoledì sera (o mercoledì in alcuni casi),,"Amanti della cucina veronese tradizionale, coppie, piccoli gruppi; persone che vogliono mangiare bene in un locale caratteristico senza spendere cifre stellate.",Gastronomico,,Media,Bassa,Alta,Bassa,Chiuso,,
,Osteria ai preti ,"Interrato dell’Acqua Morta 27, 37129 Verona (VR)",€€ - €€€,Cucina italiana/osteria; piatti tipici con accento locale; enoteca/bar + cucina; atmosfera più informale; piatti semplici ma curati.,"Veronetta, Verona — zona un po’ più locale/residenziale rispetto al centro storico turistico","Aperto dal Lunedì al Sabato, orario continuato dalle 11:00 alle 02:00 circa; domenica chiuso.",,"Locali e turisti che vogliono uscire dal centro, cercando atmosfera genuina: ottimo per un aperitivo lungo, per una cena informale, per gruppi di amici; non per occasioni ultra formali.",Gastronomico,,Media,Media,Alta,Media,Chiuso,,
,Osteria terzo ponte,"Viale Sicilia, 1, 37138 Verona VR",€€,"Cucina autentica veneta/tradizionale italiana; piatti tipici, con varianti stagionali; anche vino / elementi da enoteca.","Borgo Milano, zona residenziale di Verona (non centro storico)",Aperto a pranzo: 11:00-15:00; sera: 17:30-00:00; Chiuso la domenica,,"Persone locali e turisti che cercano un buon compromesso tra qualità, prezzo e atmosfera rilassata; gruppi casual; piace anche per aperitivi.",Gastronomico,,Media,Bassa,Alta,Bassa,Chiuso,,
,Osteria la mandorla ,"Via Alberto Mario, 23, 37121 Verona V",€€,"Wine bar / osteria; cibo stagionale / locale; vino naturale; piccoli piatti, polpette, stuzzichini.","Centro storico, vicino all’Arena (Verona)",,,"Amanti del vino, locali che cercano atmosfera autentica, chi preferisce qualcosa di meno “turistico” e con buona selezione vini; ottimo per un aperitivo plus cena leggera.",Gastronomico,,Media,Media,Alta,Media,Misto,,
,Osteria Enoteca Zero 7,"Vicolo Ghiaia, 3, 37122 Verona VR",€€ -€€€,"Enoteca / Osteria: cucina italiana con buon assortimento di vini; piatti come lasagne, ravioli, opzioni di carne/pesce; focus sui vini.","Vicolo Ghiaia, vicino all’Arena, zona centrale / ben collegata turisticamente.",Lun-Sab: dalle ~8:00 del mattino fino alle ~23:00 / 23:30; Domenica chiuso.,,"Artefici di buon vino, enofili, turisti che vogliono mangiare bene in ambiente con buon vino; persone che amano atmosfera “di vino + cibo”.",Gastronomico,,Media,Alta,Alta,Media,Misto,,
,Osteria dal Zovo,"Corso Cavour, 52, 37121 Verona VR",€€€ - €€€€,"Bistrot / cantina: cucina tradizionale con attenzione degli ingredienti; aperitivi, pranzi, cene; selezione vini estesa; servizio all'aperto disponibile.","Centro storico, adiacente a Castelvecchio e all’Arco dei Gavi, posizione molto comoda per chi visita Verona.","Aperto tutto il giorno: per aperitivi, pranzi, cene. Orari estesi nei weekend fino a tarda sera.",Accessible ,Turisti + locali che cercano buon cibo + buon vino; persone che desiderano stare vicini alle attrazioni ma in un locale con atmosfera curata; adatto per pranzo o cena rilassata.,Gastronomico,,,,,,,,
,Osteria alla Pigna,,,,,,,,,,,,,,,,
,Osteria Sottoriva,"Via Sottoriva 9/A, 37121 Verona VR",€€,"Cucina tradizionale veronese con semplici piatti sostanziosi: piatti tipici, finger food veronesi, carne, accompagnamento di vini; atmosfera tipica d'osteria.","Centro storico, in Via Sottoriva vicino al fiume Adige, in una delle vie caratteristiche sotto i portici.",,,"Locali e turisti che vogliono una esperienza autentica veronese, lontano dai ristoranti turistici “commerciali”; chi ama vino + cucina semplice ma con carattere.",Gastronomico,,,,,,,,
,,,,,,,,,,,,,,,,,
,,,,,,,,,,,,,,,,,
,,,,,,,,,,,,,,,,,
,,,,,,,,,,,,,,,,,
"BAR/
CAFFE/
ENOTECHE",Archivio ,"Via Rosa, 3c, 37121 Verona (Centro storico)",€ - €€,Cocktail bar creativo con drink stagionali e reinterpretazioni di classici; offre anche birre artigianali e vini selezionati,"Centro storico, a pochi passi da Piazza delle Erbe",Aperto tutti i giorni (lunedì–domenica) dalle 16:00 alle 01:00,,"Giovani adulti, turisti e locali amanti della mixology creativa, atmosfera intima e vibrante, ideale per aperitivi o serate rilassate tra amici.",Gastronomico,,Bassa,Media,Alta,Critica weekend,Chiuso,,
,L’Evangelista Enoteca ,"Via Marconi 19, 37122 Verona",€€€,"Piatti mediterranei e creativi, abbinati a una cantina curata; funge sia da ristorante che da wine bar",Castelvecchio / Porta Nuova,Mar–Sab pranzo e cena; Domenica e lunedì chiuso,"Locale moderno, accessibile","Amanti del vino, coppie e professionisti, ideale anche per pranzi di lavoro.",Gastronomico,"45.4381, 10.9881",Media,Media,Alta,Media,Misto,,
,Caffè Borsari,Corso Porta Borsari 15/D,€,"Storico caffè con atmosfera vintage, “living museum”; serve caffè, cioccolato artigianale, liquori fatti in casa","Centro storico, su Corso Porta Borsari, via prestigiosa e vivace","Lunedì–Sabato: 7:00–19:00

","Spazio ridotto, non sempre adatto a sedia a rotelle","Turisti e residenti amanti della storia, del buon caffè e dell’ambiente informale, anche per chi viaggia da solo o cerca un momento rilassante.",Gastronomico,,Media,Alta,Media,Bassa,Aperto,,
,The Soda Jerk,"Vicolo quadrelli 5, 37129 Verona",€€,"Speakeasy cocktail bar, mixology moderna",Veronetta,"Mer–Dom 19:00–02:00, lunedì e martedì chiuso","Spazio ridotto, non sempre adatto a sedia a rotelle","Giovani adulti, amanti dei cocktail particolari.",Gastronomico,"45.4452, 11.0085",Bassa,Media,Alta,Critica weekend,Chiuso,,
,Grande Giove,"Via Seghe S. Tomaso, 17H, 37129 Verona VR",€€,Cocktail innovativi e atmosfera creativa,Veronetta,Gio–Dom 19:00–02:00,,Clientela giovane e alternativa.,Gastronomico,,Bassa,Media,Alta,Critica weekend,Chiuso,,
,Gemma,"Via Mario Todeschini 19, Verona VR; anche a Piazzetta Pescheria 11, Verona.",€€,"Pizzeria artigianale; impasto con lievito madre e farine biologiche, ingredienti italiani di prima scelta.",Borgo Trento / Via Todeschini per la sede principale; anche centro storico (Pescheria).,"Tutti i giorni: pranzo 12:00-14:30, cena 19:00-22:30",Accessibile ,"e
Famiglie, giovani, turisti che vogliono una buona pizza con ambiente accogliente; persone che cercano pizza di qualità ma in luogo informale.",Gastronomico,,Media,Bassa,Alta / Critica weekend,Media,Misto,,
,Marinato ,"Via San Rocchetto, 2 (o 11) – 37121 Verona VR",€€€,"Tipo di cucina
Pizzeria & Cucina di Mare; specialità pesce, pasta, pizza napoletana, opzioni vegetariane","Centro / vicino al centro, Verona – posizione abbastanza comoda per turisti",,Accessibile ,"Chi ama il pesce, ma vuole anche pizza; famiglie, coppie, turisti che cercano qualità senza andare nel super gourmet.",,,Media,Bassa,Alta / Critica weekend,Media,Misto,,
,Buns ,,,,,,,,,,Media,Bassa,Alta,Media,Chiuso,,
,Tapasotto ,"Galleria Pellicciai 12, 37121 Verona VR",€€,Tapas / piatti piccoli da condividere; vini; format informale; molti piattini di carne/pesce/vegetali; stile moderno/internazionale con influenza spagnola/tapas concep,"Centro storico, Galleria Pellicciai (vicino a vie commerciali principali)","Lunedì chiuso; Martedì sera; Wed-Sat pranzo e cena; Domenica anche pranzo e cena (orari indicativi: 12:30-14:30, 19:00-22:30)",,"Giovani, gruppi di amici, coppie; chi cerca uno spuntino+vino o aperitivo via; chi vuole format moderno e piatti piccoli piuttosto che cena pesante.",,,Media,Bassa,Alta,Media,Misto,,
,La loggia,"Corte Sgarzarie 7, 37121 Verona VR",€€€,"Cucina regionale / contemporanea con uso stagionale di materie prime; piatti ben presentati, attenzione al dettaglio.","Centro storico, Corte Sgarzarie, non lontano da Piazza delle Erbe / vie centrali.",Pranzo: 12:00-14:30; Cena: 19:00-22:30 (alcune fonti dicono fino alle 22:30) tutti i giorni; aperto cena anche sabato.,Accessibile ,"Coppie, amanti della cucina gourmet ma non eccessivamente formale; chi cerca un’esperienza elegante centrata sulle materie prime e sulla stagionalità; perfetto per occasioni speciali.",Gastronomico,,Media,Bassa,Alta / Critica weekend,Bassa,Misto,,
,AMObistrot,,,,,,,,,,Media,Media,Alta,Media,Misto,,
,Tor-Tor,,,,,,,,,,Media,Media,Alta,Alta,Misto,,
,Salumeria Gironda,,,,,,,,,,Media,Media,Alta,Media,Misto,,
,Enoteca Baraldi ,,,,,,,,,,Media,Media,Alta,Media,Chiuso,,
,Frizzante Lab,,,,,,,,,,Bassa,Media,Alta,Critica weekend,,,
,La Segreteria Café,,,,,,,,,,,,,,,,
,Il Veronetta Bistrot,,,,,,,,,,,,,,,,
,Lo Speziale,,,,,,,,,,,,,,,,
,The Soda Jerk,,,,,,,,,,,,,,,,
,Cohen Pub,,,,,,,,,,,,,,,,
,,,,,,,,,,,,,,,,,
,Colorificio Kroen,,,,,,,,,,,,,,,,
,,,,,,,,,,,,,,,,,
,tennis club torricelle,,,,,,,,,,,,,,,,
,parco le colombare,,,,,,,,,,,,,,,,
,Santuario Madonna di Lourdes,,,,,,,,,,,,,,,,
,la Volpe e l’Uva,,,,,,,,,,,,,,,,
,La Baita,,,,,,,,,,,,,,,,
,la Terrazza Ponte Pietra,,,,,,,,,,,,,,,,
,Bar il Cappa,,,,,,,,,,,,,,,,
,Se giovani la sera del weekend o mercoledi Zona Universitaria,,,,,,,,,,,,,,,,
,Miski,,,,,,,,,,,,,,,,
,Osteria Romeo e Giulietta,,,,,,,,,,,,,,,,
,Osteria al Duca,,,,,,,,,,,,,,,,
,gelateria Renon,,,,,,,,,,,,,,,,
,Arsenale,,,,,,,,,,,,,,,,
,In estate camminata alle mura,,,,,,,,,,,,,,,,